schemaVersion,recordType,source_name,source_url,company,title,date,is_remote,role_family,collectedAt
1.0,JOB,Arbeitnow,https://www.arbeitnow.com/jobs/companies/oper/ai-native-business-analyst-dach-mannheim-198122,Oper,AI-Native Business Analyst - DACH,2026-08-10T16:00:32+00:00,True,Engineering,2026-08-10T17:15:17.700073+00:00
1.0,JOB,Arbeitnow,https://www.arbeitnow.com/jobs/companies/rockstardevelopers-gmbh/solution-architect-aws-plattform-cloud-security-stuttgart-12120,Rockstardevelopers GmbH,Solution Architect - AWS Plattform & Cloud Security (m/w/d),2026-08-10T15:00:24+00:00,True,Engineering,2026-08-10T17:15:17.700073+00:00
1.0,JOB,Arbeitnow,https://www.arbeitnow.com/jobs/companies/unframe/ai-transformation-architect-emea-158407,Unframe,AI Transformation Architect EMEA,2026-08-10T14:55:33+00:00,False,Engineering,2026-08-10T17:15:17.700073+00:00
1.0,JOB,Arbeitnow,https://www.arbeitnow.com/jobs/companies/veeamsoftware/remote-senior-sales-engineer-174596,Veeamsoftware,Senior Sales Engineer,2026-08-10T14:55:23+00:00,True,Engineering,2026-08-10T17:15:17.700073+00:00
1.0,JOB,Arbeitnow,https://www.arbeitnow.com/jobs/companies/taxfix/programme-manager-office-of-the-cfo-berlin-397898,Taxfix,Programme Manager (d/f/m) - Office of the CFO,2026-08-10T14:40:11+00:00,False,Engineering,2026-08-10T17:15:17.700073+00:00
1.0,JOB,Arbeitnow,https://www.arbeitnow.com/jobs/companies/wakeline-gmbh/software-engineer-dusseldorf-255527,Wakeline GmbH,Software Engineer,2026-08-10T14:30:43+00:00,False,Engineering,2026-08-10T17:15:17.700073+00:00
1.0,JOB,Arbeitnow,https://www.arbeitnow.com/jobs/companies/1komma50/praktikantin-sales-marketing-berlin-118974,1KOMMA5˚,Praktikant:in (m/w/d) - Sales/Marketing,2026-08-10T14:30:40+00:00,False,Engineering,2026-08-10T17:15:17.700073+00:00
1.0,JOB,Arbeitnow,https://www.arbeitnow.com/jobs/companies/kickdown-gmbh/working-student-product-engineering-ruby-on-rails-for-auction-platform-kickdown-all-genders-hamburg-460221,Kickdown GmbH,Working Student Product Engineering (Ruby on Rails) for Auction Platform Kickdown (all genders),2026-08-10T14:30:39+00:00,False,Engineering,2026-08-10T17:15:17.700073+00:00
1.0,JOB,Arbeitnow,https://www.arbeitnow.com/jobs/companies/fairtrade-labelling-organizations-international-ev/project-officer-ec-ffpa-maternity-cover-bonn-452624,Fairtrade Labelling Organizations International e.V.,Project Officer EC-FFPA (maternity cover),2026-08-10T12:18:28+00:00,False,Engineering,2026-08-10T17:15:17.700073+00:00
1.0,JOB,Arbeitnow,https://www.arbeitnow.com/jobs/companies/id1/remote-ux-designer-design-ki-59228,Id1,UX Designer (m/w/d) – Design & KI,2026-08-10T14:10:02+00:00,False,Engineering,2026-08-10T17:15:17.700073+00:00
1.0,JOB,Arbeitnow,https://www.arbeitnow.com/jobs/companies/adsquare/staff-backend-engineer-jvm-java-kotlin-aws-berlin-331742,Adsquare,Staff Backend Engineer - JVM (Java/Kotlin) & AWS,2026-08-10T14:10:01+00:00,False,Engineering,2026-08-10T17:15:17.700073+00:00
1.0,JOB,Arbeitnow,https://www.arbeitnow.com/jobs/companies/trusteq-gmbh/tech-advisory-senior-consultant-munchen-142641,Trusteq Gmbh,Tech Advisory Senior Consultant (m/w/d),2026-08-10T14:09:55+00:00,False,Engineering,2026-08-10T17:15:17.700073+00:00
1.0,JOB,Arbeitnow,https://www.arbeitnow.com/jobs/companies/trusteq-gmbh/digital-ecosystem-working-student-munchen-54862,Trusteq Gmbh,Digital Ecosystem Working Student (m/w/d),2026-08-10T14:09:55+00:00,False,Engineering,2026-08-10T17:15:17.700073+00:00
1.0,JOB,Arbeitnow,https://www.arbeitnow.com/jobs/companies/trusteq-gmbh/cybersecurity-working-student-munchen-408577,Trusteq Gmbh,Cybersecurity Working Student (m/w/d),2026-08-10T14:09:55+00:00,False,Engineering,2026-08-10T17:15:17.700073+00:00
1.0,JOB,Arbeitnow,https://www.arbeitnow.com/jobs/companies/trusteq-gmbh/cybersecurity-intern-munchen-101977,Trusteq Gmbh,Cybersecurity Intern (m/w/d),2026-08-10T14:09:55+00:00,False,Engineering,2026-08-10T17:15:17.700073+00:00
1.0,JOB,Arbeitnow,https://www.arbeitnow.com/jobs/companies/trusteq-gmbh/ai-strategy-senior-consultant-munchen-344795,Trusteq Gmbh,AI Strategy (Senior) Consultant (m/w/d),2026-08-10T14:09:55+00:00,False,Engineering,2026-08-10T17:15:17.700073+00:00
1.0,JOB,Arbeitnow,https://www.arbeitnow.com/jobs/companies/trusteq-gmbh/ai-security-senior-consultant-munchen-332201,Trusteq Gmbh,AI Security (Senior) Consultant (m/w/d),2026-08-10T14:09:55+00:00,False,Engineering,2026-08-10T17:15:17.700073+00:00
1.0,JOB,Arbeitnow,https://www.arbeitnow.com/jobs/companies/trusteq-gmbh/ai-governance-senior-consultant-munchen-404845,Trusteq Gmbh,AI Governance (Senior) Consultant (m/w/d),2026-08-10T14:09:55+00:00,False,Engineering,2026-08-10T17:15:17.700073+00:00
1.0,JOB,Arbeitnow,https://www.arbeitnow.com/jobs/companies/trusteq-gmbh/ai-senior-developer-munchen-489080,Trusteq Gmbh,AI (Senior) Developer (m/w/d),2026-08-10T14:09:55+00:00,False,Engineering,2026-08-10T17:15:17.700073+00:00
1.0,JOB,Arbeitnow,https://www.arbeitnow.com/jobs/companies/trusteq-gmbh/ai-senior-consultant-munchen-430823,Trusteq Gmbh,AI (Senior) Consultant (m/w/d),2026-08-10T14:09:55+00:00,False,Engineering,2026-08-10T17:15:17.700073+00:00
1.0,JOB,Arbeitnow,https://www.arbeitnow.com/jobs/companies/smartly/senior-engineering-manager-ad-performance-recommendation-berlin-242083,Smartly,"Senior Engineering Manager, Ad Performance Recommendation",2026-08-10T13:45:26+00:00,False,Engineering,2026-08-10T17:15:17.700073+00:00
1.0,JOB,Arbeitnow,https://www.arbeitnow.com/jobs/companies/urban-sports-club/senior-product-designer-all-genders-berlin-46680,Urban Sports Club,Senior Product Designer (all genders),2026-08-10T13:45:24+00:00,False,Engineering,2026-08-10T17:15:17.700073+00:00
1.0,JOB,Arbeitnow,https://www.arbeitnow.com/jobs/companies/tc-flights-germany-gmbh/product-owner-data-ai-fluegede-leipzig-104383,TC Flights Germany GmbH,Product Owner Data & AI (m/f/d) – fluege.de,2026-08-10T13:30:24+00:00,False,Engineering,2026-08-10T17:15:17.700073+00:00
1.0,JOB,Arbeitnow,https://www.arbeitnow.com/jobs/companies/klickkonzept-by-cosmo5/online-marketing-manager-digital-marketing-consultant-frankfurt-am-main-201644,Klickkonzept by Cosmo5,Online Marketing Manager / Digital Marketing Consultant (m/w/d),2026-08-10T13:30:23+00:00,False,Engineering,2026-08-10T17:15:17.700073+00:00
1.0,JOB,Arbeitnow,https://www.arbeitnow.com/jobs/companies/klickkonzept-by-cosmo5/amazon-advertising-manager-retail-media-manager-frankfurt-am-main-245199,Klickkonzept by Cosmo5,Amazon Advertising Manager / Retail Media Manager (m/w/d),2026-08-10T13:30:22+00:00,False,Engineering,2026-08-10T17:15:17.700073+00:00
1.0,JOB,Arbeitnow,https://www.arbeitnow.com/jobs/companies/klickkonzept-by-cosmo5/social-media-advertising-manager-paid-social-manager-frankfurt-am-main-388018,Klickkonzept by Cosmo5,Social Media Advertising Manager / Paid Social Manager (m/w/d),2026-08-10T13:01:40+00:00,False,Engineering,2026-08-10T17:15:17.700073+00:00
1.0,JOB,Arbeitnow,https://www.arbeitnow.com/jobs/companies/klickkonzept-by-cosmo5/seo-geo-manager-organic-visibility-manager-frankfurt-am-main-320661,Klickkonzept by Cosmo5,SEO/GEO Manager / Organic Visibility Manager (m/w/d),2026-08-10T13:01:40+00:00,False,Engineering,2026-08-10T17:15:17.700073+00:00
1.0,JOB,Arbeitnow,https://www.arbeitnow.com/jobs/companies/klickkonzept-by-cosmo5/sea-paid-media-manager-strategischer-account-manager-frankfurt-am-main-475766,Klickkonzept by Cosmo5,SEA Paid Media Manager / Strategischer Account Manager (m/w/d),2026-08-10T13:01:40+00:00,False,Engineering,2026-08-10T17:15:17.700073+00:00
1.0,JOB,Arbeitnow,https://www.arbeitnow.com/jobs/companies/klickkonzept-by-cosmo5/online-marketing-trainee-frankfurt-am-main-147281,Klickkonzept by Cosmo5,Online Marketing Trainee (m/w/d),2026-08-10T13:01:39+00:00,False,Engineering,2026-08-10T17:15:17.700073+00:00
1.0,JOB,Arbeitnow,https://www.arbeitnow.com/jobs/companies/windhoff-group/sap-basis-senior-consultant-gescher-378711,Windhoff Group,SAP Basis (Senior) Consultant (m/w/d),2026-08-10T13:01:26+00:00,True,Engineering,2026-08-10T17:15:17.700073+00:00
1.0,JOB,Arbeitnow,https://www.arbeitnow.com/jobs/companies/sleak-gmbh/associate-account-executive-munich-272840,Sleak GmbH,Associate Account Executive,2026-08-10T12:30:31+00:00,False,Engineering,2026-08-10T17:15:17.700073+00:00
1.0,JOB,Arbeitnow,https://www.arbeitnow.com/jobs/companies/sleak-gmbh/account-executive-mid-market-enterprise-munich-336494,Sleak GmbH,Account Executive - Mid-Market & Enterprise,2026-08-10T12:30:30+00:00,False,Engineering,2026-08-10T17:15:17.700073+00:00
1.0,JOB,Arbeitnow,https://www.arbeitnow.com/jobs/companies/santos-grills-gmbh/ai-solutions-operations-manager-cologne-225125,Santos Grills GmbH,AI Solutions & Operations Manager (m/w/d),2026-08-10T12:00:41+00:00,False,Engineering,2026-08-10T17:15:17.700073+00:00
1.0,JOB,Arbeitnow,https://www.arbeitnow.com/jobs/companies/dept/senior-copywriter-5-month-ftc-berlin-united-kingdom-manchester-382199,dept,Senior Copywriter (5 month FTC),2026-08-10T11:55:11+00:00,False,Engineering,2026-08-10T17:15:17.700073+00:00
1.0,JOB,Arbeitnow,https://www.arbeitnow.com/jobs/companies/dept/senior-account-manager-5-month-ftc-berlin-united-kingdom-manchester-london-399896,dept,Senior Account Manager (5 month FTC),2026-08-10T11:55:11+00:00,False,Engineering,2026-08-10T17:15:17.700073+00:00
1.0,JOB,Arbeitnow,https://www.arbeitnow.com/jobs/companies/notarpartner-gmbh/engineering-lead-ts-react-nextjs-ai-100-remote-hamburg-153675,NotarPartner GmbH,"Engineering Lead (m/w/d) TS, React, Next.js & AI 100% Remote",2026-08-10T11:30:43+00:00,True,Engineering,2026-08-10T17:15:17.700073+00:00
1.0,JOB,Arbeitnow,https://www.arbeitnow.com/jobs/companies/teaching-socials/buchhalter-hockenheim-467499,Teaching Socials,Buchhalter (m/w/d),2026-08-10T11:30:43+00:00,False,Engineering,2026-08-10T17:15:17.700073+00:00
1.0,JOB,Arbeitnow,https://www.arbeitnow.co.uk/jobs/companies/precisionmedicinegroup/remote-engineering-director-284807,Precisionmedicinegroup,Engineering Director,2026-08-10T15:55:33+00:00,False,Engineering,2026-08-10T17:15:17.700073+00:00
1.0,JOB,Arbeitnow,https://www.arbeitnow.co.uk/jobs/companies/cloudflare/senior-data-analyst-hybrid-7351,Cloudflare,Senior Data Analyst,2026-08-10T15:55:31+00:00,False,Engineering,2026-08-10T17:15:17.700073+00:00
1.0,JOB,Arbeitnow,https://www.arbeitnow.co.uk/jobs/companies/oliver/senior-account-manager-london-358238,Oliver,Senior Account Manager,2026-08-10T15:55:29+00:00,False,Engineering,2026-08-10T17:15:17.700073+00:00
1.0,JOB,Arbeitnow,https://www.arbeitnow.co.uk/jobs/companies/conveo/sales-director-london-214401,Conveo,Sales Director,2026-08-10T15:40:32+00:00,False,Engineering,2026-08-10T17:15:17.700073+00:00
1.0,JOB,Arbeitnow,https://www.arbeitnow.co.uk/jobs/companies/deliveroo/supply-chain-coordinator-london-126168,Deliveroo,Supply Chain Coordinator,2026-08-10T15:40:29+00:00,False,Engineering,2026-08-10T17:15:17.700073+00:00
1.0,JOB,Arbeitnow,https://www.arbeitnow.co.uk/jobs/companies/checkoutcom/senior-manager-indirect-tax-vat-london-246492,Checkout.com,"Senior Manager, Indirect Tax & VAT",2026-08-10T15:40:14+00:00,False,Engineering,2026-08-10T17:15:17.700073+00:00
1.0,JOB,Arbeitnow,https://www.arbeitnow.co.uk/jobs/companies/wpp-production/senior-digital-project-manager-london-345248,WPP Production,Senior Digital Project Manager,2026-08-10T14:45:26+00:00,False,Engineering,2026-08-10T17:15:17.700073+00:00
1.0,JOB,Arbeitnow,https://www.arbeitnow.co.uk/jobs/companies/oliver-agency/senior-account-manager-london-187820,OLIVER Agency,Senior Account Manager,2026-08-10T14:45:21+00:00,False,Engineering,2026-08-10T17:15:17.700073+00:00
1.0,JOB,Arbeitnow,https://www.arbeitnow.co.uk/jobs/companies/prolific/remote-engineering-manager-268184,prolific,Engineering Manager,2026-08-10T12:55:57+00:00,False,Engineering,2026-08-10T17:15:17.700073+00:00
1.0,JOB,Arbeitnow,https://www.arbeitnow.co.uk/jobs/companies/veeamsoftware/lead-account-executive-defense-and-public-uki-london-279263,Veeamsoftware,"Lead Account Executive, Defense and Public UK&I",2026-08-10T12:55:55+00:00,False,Engineering,2026-08-10T17:15:17.700073+00:00
1.0,JOB,Arbeitnow,https://www.arbeitnow.co.uk/jobs/companies/chaosindustries/senior-software-engineer-london-394281,Chaosindustries,Senior Software Engineer,2026-08-10T12:55:49+00:00,False,Engineering,2026-08-10T17:15:17.700073+00:00
1.0,JOB,Arbeitnow,https://www.arbeitnow.co.uk/jobs/companies/chaosindustries/forward-deployed-engineer-software-london-171035,Chaosindustries,Forward Deployed Engineer - Software,2026-08-10T12:55:49+00:00,False,Engineering,2026-08-10T17:15:17.700073+00:00
1.0,JOB,Arbeitnow,https://www.arbeitnow.co.uk/jobs/companies/chaosindustries/cybersecurity-soc-analyst-ii-london-39758,Chaosindustries,Cybersecurity SOC Analyst II,2026-08-10T12:55:48+00:00,False,Engineering,2026-08-10T17:15:17.700073+00:00
1.0,JOB,Arbeitnow,https://www.arbeitnow.co.uk/jobs/companies/alphasense/account-executive-financial-services-investment-banking-london-greater-london-358059,Alphasense,"Account Executive, Financial Services -  Investment Banking",2026-08-10T12:55:44+00:00,False,Engineering,2026-08-10T17:15:17.700073+00:00
1.0,JOB,Arbeitnow,https://www.arbeitnow.co.uk/jobs/companies/diligentcorporation/senior-solutions-engineer-london-85613,Diligentcorporation,Senior Solutions Engineer,2026-08-10T12:55:21+00:00,False,Engineering,2026-08-10T17:15:17.700073+00:00
1.0,JOB,Arbeitnow,https://www.arbeitnow.co.uk/jobs/companies/diligentcorporation/account-executive-nsw-sydney-australia-460781,Diligentcorporation,Account Executive - NSW,2026-08-10T12:55:21+00:00,False,Engineering,2026-08-10T17:15:17.700073+00:00
1.0,JOB,Arbeitnow,https://www.arbeitnow.co.uk/jobs/companies/diligentcorporation/account-executive-sydney-australia-35938,Diligentcorporation,Account Executive,2026-08-10T12:55:21+00:00,False,Engineering,2026-08-10T17:15:17.700073+00:00
1.0,JOB,Arbeitnow,https://www.arbeitnow.co.uk/jobs/companies/unity-advisory/fdd-manager-london-348278,Unity Advisory,FDD Manager,2026-08-10T12:40:07+00:00,False,Engineering,2026-08-10T17:15:17.700073+00:00
1.0,JOB,Arbeitnow,https://www.arbeitnow.co.uk/jobs/companies/marqvision/senior-account-executive-london-96682,Marqvision,Senior Account Executive,2026-08-10T09:55:39+00:00,False,Engineering,2026-08-10T17:15:17.700073+00:00
1.0,JOB,Arbeitnow,https://www.arbeitnow.co.uk/jobs/companies/fireblocks/senior-qa-engineer-financial-apps-377885,Fireblocks,Senior QA Engineer (Financial Apps),2026-08-10T09:55:06+00:00,False,Engineering,2026-08-10T17:15:17.700073+00:00
1.0,JOB,Arbeitnow,https://www.arbeitnow.co.uk/jobs/companies/bjak/personal-assistant-london-290057,Bjak,Personal Assistant,2026-08-10T09:40:31+00:00,False,Engineering,2026-08-10T17:15:17.700073+00:00
1.0,JOB,Arbeitnow,https://www.arbeitnow.co.uk/jobs/companies/lendable/technical-product-manager-superapp-london-371639,Lendable,Technical Product Manager (Superapp),2026-08-10T09:40:15+00:00,False,Engineering,2026-08-10T17:15:17.700073+00:00
1.0,JOB,Arbeitnow,https://www.arbeitnow.co.uk/jobs/companies/lendable/real-time-coordinator-london-kent-266496,Lendable,Real Time Coordinator,2026-08-10T09:40:15+00:00,False,Engineering,2026-08-10T17:15:17.700073+00:00
1.0,JOB,Arbeitnow,https://www.arbeitnow.co.uk/jobs/companies/lendable/senior-ai-quality-engineer-london-79753,Lendable,Senior AI Quality Engineer,2026-08-10T09:40:15+00:00,False,Engineering,2026-08-10T17:15:17.700073+00:00
1.0,JOB,Arbeitnow,https://www.arbeitnow.co.uk/jobs/companies/lendable/senior-quality-engineer-ai-london-334599,Lendable,Senior Quality Engineer - AI,2026-08-10T09:40:15+00:00,False,Engineering,2026-08-10T17:15:17.700073+00:00
1.0,JOB,Arbeitnow,https://www.arbeitnow.co.uk/jobs/companies/quantum/head-of-business-development-london-419375,Quantum,Head of Business Development,2026-08-10T09:40:07+00:00,False,Engineering,2026-08-10T17:15:17.700073+00:00
1.0,JOB,Arbeitnow,https://www.arbeitnow.co.uk/jobs/companies/kargo22/senior-interactive-designer-london-71705,Kargo22,Senior Interactive Designer,2026-08-10T06:55:34+00:00,False,Engineering,2026-08-10T17:15:17.700073+00:00
1.0,JOB,Arbeitnow,https://www.arbeitnow.co.uk/jobs/companies/tanium/remote-director-of-strategic-accounts-central-government-188566,tanium,Director of Strategic Accounts - Central Government,2026-08-10T06:55:31+00:00,False,Engineering,2026-08-10T17:15:17.700073+00:00
1.0,JOB,Arbeitnow,https://www.arbeitnow.co.uk/jobs/companies/iterable/senior-it-engineer-ai-london-31960,Iterable,Senior IT Engineer (AI),2026-08-10T06:55:28+00:00,False,Engineering,2026-08-10T17:15:17.700073+00:00
1.0,JOB,Arbeitnow,https://www.arbeitnow.co.uk/jobs/companies/iterable/account-executive-commercial-london-107,Iterable,Account Executive (Commercial),2026-08-10T06:55:28+00:00,False,Engineering,2026-08-10T17:15:17.700073+00:00
1.0,JOB,Arbeitnow,https://www.arbeitnow.co.uk/jobs/companies/pendo/senior-customer-engineer-pre-post-sales-london-23273,pendo,Senior Customer Engineer - Pre & Post Sales,2026-08-10T06:55:15+00:00,False,Engineering,2026-08-10T17:15:17.700073+00:00
1.0,JOB,Arbeitnow,https://www.arbeitnow.co.uk/jobs/companies/pendo/account-director-enterprise-sales-french-markets-london-108053,pendo,"Account Director, Enterprise Sales - French Markets",2026-08-10T06:55:15+00:00,False,Engineering,2026-08-10T17:15:17.700073+00:00
1.0,JOB,Arbeitnow,https://www.arbeitnow.co.uk/jobs/companies/lastpass/principal-cloud-security-engineer-49616,Lastpass,Principal Cloud Security Engineer,2026-08-10T06:55:11+00:00,False,Engineering,2026-08-10T17:15:17.700073+00:00
1.0,JOB,Arbeitnow,https://www.arbeitnow.co.uk/jobs/companies/tripadvisor/senior-manager-fpa-portugal-or-poland-34394,tripadvisor,Senior Manager FP&A,2026-08-10T06:55:10+00:00,False,Engineering,2026-08-10T17:15:17.700073+00:00
1.0,JOB,Arbeitnow,https://www.arbeitnow.co.uk/jobs/companies/andurilindustries/technical-recruiter-sydney-sydney-australia-204731,Andurilindustries,"Technical Recruiter, Sydney",2026-08-10T03:55:40+00:00,False,Engineering,2026-08-10T17:15:17.700073+00:00
1.0,JOB,Arbeitnow,https://www.arbeitnow.co.uk/jobs/companies/andurilindustries/staff-software-engineer-sydney-australia-370064,Andurilindustries,Staff Software Engineer,2026-08-10T03:55:40+00:00,False,Engineering,2026-08-10T17:15:17.700073+00:00
1.0,JOB,Arbeitnow,https://www.arbeitnow.co.uk/jobs/companies/andurilindustries/staff-platform-engineer-staff-site-reliability-engineer-sydney-australia-315619,Andurilindustries,Staff Platform Engineer / Staff Site Reliability Engineer,2026-08-10T03:55:39+00:00,False,Engineering,2026-08-10T17:15:17.700073+00:00
1.0,JOB,Arbeitnow,https://www.arbeitnow.co.uk/jobs/companies/andurilindustries/software-engineer-sydney-australia-322070,Andurilindustries,Software Engineer,2026-08-10T03:55:39+00:00,False,Engineering,2026-08-10T17:15:17.700073+00:00
1.0,JOB,Arbeitnow,https://www.arbeitnow.co.uk/jobs/companies/andurilindustries/senior-systems-engineer-sydney-australia-461720,Andurilindustries,Senior Systems Engineer,2026-08-10T03:55:38+00:00,False,Engineering,2026-08-10T17:15:17.700073+00:00
1.0,JOB,Arbeitnow,https://www.arbeitnow.co.uk/jobs/companies/andurilindustries/senior-software-engineer-site-reliability-sydney-australia-33258,Andurilindustries,"Senior Software Engineer, Site Reliability",2026-08-10T03:55:38+00:00,False,Engineering,2026-08-10T17:15:17.700073+00:00
1.0,JOB,Arbeitnow,https://www.arbeitnow.co.uk/jobs/companies/andurilindustries/senior-software-engineer-flight-software-sydney-australia-272592,Andurilindustries,Senior Software Engineer (Flight Software),2026-08-10T03:55:38+00:00,False,Engineering,2026-08-10T17:15:17.700073+00:00
1.0,JOB,Arbeitnow,https://www.arbeitnow.co.uk/jobs/companies/andurilindustries/senior-software-engineer-sydney-australia-55037,Andurilindustries,Senior Software Engineer,2026-08-10T03:55:37+00:00,False,Engineering,2026-08-10T17:15:17.700073+00:00
1.0,JOB,Arbeitnow,https://www.arbeitnow.co.uk/jobs/companies/andurilindustries/senior-site-reliability-engineer-sydney-australia-497305,Andurilindustries,Senior Site Reliability Engineer,2026-08-10T03:55:37+00:00,False,Engineering,2026-08-10T17:15:17.700073+00:00
1.0,JOB,Arbeitnow,https://www.arbeitnow.co.uk/jobs/companies/andurilindustries/senior-robotics-software-engineer-payload-integration-sydney-australia-71021,Andurilindustries,"Senior Robotics Software Engineer, Payload Integration",2026-08-10T03:55:37+00:00,False,Engineering,2026-08-10T17:15:17.700073+00:00
1.0,JOB,Arbeitnow,https://www.arbeitnow.co.uk/jobs/companies/andurilindustries/senior-robotics-engineer-sydney-australia-359112,Andurilindustries,Senior Robotics Engineer,2026-08-10T03:55:37+00:00,False,Engineering,2026-08-10T17:15:17.700073+00:00
1.0,JOB,Arbeitnow,https://www.arbeitnow.co.uk/jobs/companies/andurilindustries/senior-reliability-engineering-sydney-australia-169781,Andurilindustries,Senior Reliability Engineering,2026-08-10T03:55:37+00:00,False,Engineering,2026-08-10T17:15:17.700073+00:00
1.0,JOB,Arbeitnow,https://www.arbeitnow.co.uk/jobs/companies/andurilindustries/senior-platform-engineer-senior-devops-engineer-senior-infrastructure-engineer-senior-site-reliability-engineer-sydney-australia-473787,Andurilindustries,Senior Platform Engineer / Senior DevOps Engineer / Senior Infrastructure Engineer / Senior Site Reliability Engineer,2026-08-10T03:55:37+00:00,False,Engineering,2026-08-10T17:15:17.700073+00:00
1.0,JOB,Arbeitnow,https://www.arbeitnow.co.uk/jobs/companies/andurilindustries/senior-manager-software-engineering-sydney-australia-460044,Andurilindustries,"Senior Manager, Software Engineering",2026-08-10T03:55:36+00:00,False,Engineering,2026-08-10T17:15:17.700073+00:00
